Year,Donor Name,CBPF Name,Paid Amount,Pledged Amount,Total Contributions,Local Curency,Exchange Rate,Paid Amount (Local Currency),Pledged Amount (Local Currency),Total Contributions (Local Currency)
2007,"Netherlands","Ethiopia",3395940,0,3395940,"USD","1.000000",3395940,0,3395940
2007,"Norway","Ethiopia",2022775.61,0,2022775.61,"NOK","5.440000",10999673.72,0,10999673.72
2007,"Norway","Haiti",1833920.19,0,1833920.19,"NOK","5.450000",10000366.8,0,10000366.8
2007,"Spain","oPt",4000000,0,4000000,"EUR","0.750000",3000000,0,3000000
2007,"Sweden","Ethiopia",577564.8,0,577564.8,"SEK","6.930000",4000213.8,0,4000213.8
2007,"Sweden","oPt",1469495.63,0,1469495.63,"SEK","6.800000",9999917.76,0,9999917.76
2007,"United Kingdom","Ethiopia",7632793.06,0,7632793.06,"GBP","0.500000",3800000.14,0,3800000.14
2007,"United Kingdom","Myanmar",801603.21,0,801603.21,"GBP","0.500000",400000,0,400000